{
  "contact": "hardiksingh786@gmail.com",
  "newPassword": "wwwwwww"
}
{
  "contact": "2k22.cse.2213452@gmail.com",
  "newPassword": "123456789"
}
{
  "contact": "2k22.cse.2213452@gmail.com",
  "newPassword": "123456789"
}
{
  "contact": "1@gmail.com",
  "newPassword": "1"
}
{
  "contact": "123456@gmail.com",
  "newPassword": "123789"
}
{
  "contact": "123456@gmail.com",
  "newPassword": "132465789"
}
{
  "contact": "123456@gmail.com",
  "newPassword": "132465789"
}
{
  "contact": "123456@gmail.com",
  "newPassword": "123789456p"
}
{
  "contact": "123456@gmail.com",
  "newPassword": "123789456p"
}
{
  "contact": "123456@gmail.com",
  "newPassword": "123789456p"
}
{
  "contact": "123456@gmail.com",
  "newPassword": "123789456p"
}
{
  "contact": "123456@gmail.com",
  "newPassword": "123789456p"
}
{
  "contact": "123456@gmail.com",
  "newPassword": "123789456p"
}
{
  "contact": "123456@gmail.com",
  "newPassword": "123789456p"
}
{
  "contact": "123456@gmail.com",
  "newPassword": "123789456p"
}
{
  "contact": "123456@gmail.com",
  "newPassword": "123789456p"
}
{
  "contact": "a@gmail.com",
  "newPassword": "123456789"
}
{
  "contact": "r@gmail.com",
  "newPassword": "123456789"
}
